,Total Volume,month,region,year
0,1508067.0,Dec,Atlanta,2015.0
1,2553771.0,Dec,BaltimoreWashington,2015.0
2,2012020.0,Dec,Boston,2015.0
3,21159180.0,Dec,California,2015.0
4,2779016.0,Dec,Chicago,2015.0
5,4028854.0,Dec,DallasFtWorth,2015.0
6,2850860.0,Dec,Denver,2015.0
7,10941433.0,Dec,GreatLakes,2015.0
8,3894855.0,Dec,Houston,2015.0
9,10416018.0,Dec,LosAngeles,2015.0
10,1770568.0,Dec,MiamiFtLauderdale,2015.0
11,8720889.0,Dec,Midsouth,2015.0
12,4681537.0,Dec,NewYork,2015.0
13,13554949.0,Dec,Northeast,2015.0
14,4274751.0,Dec,PhoenixTucson,2015.0
15,5272739.0,Dec,Plains,2015.0
16,2139308.0,Dec,Portland,2015.0
17,1506902.0,Dec,Sacramento,2015.0
18,1926748.0,Dec,SanDiego,2015.0
19,2696940.0,Dec,SanFrancisco,2015.0
20,2150121.0,Dec,Seattle,2015.0
21,19424953.0,Dec,SouthCentral,2015.0
22,10582035.0,Dec,Southeast,2015.0
23,111443041.0,Dec,TotalUS,2015.0
24,21786860.0,Dec,West,2015.0
25,2716810.0,Dec,WestTexNewMexico,2015.0
26,1806559.0,Nov,Atlanta,2015.0
27,3453340.0,Nov,BaltimoreWashington,2015.0
28,2563906.0,Nov,Boston,2015.0
29,26589985.0,Nov,California,2015.0
30,3637170.0,Nov,Chicago,2015.0
31,4912484.0,Nov,DallasFtWorth,2015.0
32,3790982.0,Nov,Denver,2015.0
33,14060531.0,Nov,GreatLakes,2015.0
34,4731609.0,Nov,Houston,2015.0
35,12730670.0,Nov,LosAngeles,2015.0
36,2240315.0,Nov,MiamiFtLauderdale,2015.0
37,11360650.0,Nov,Midsouth,2015.0
38,7118530.0,Nov,NewYork,2015.0
39,18426450.0,Nov,Northeast,2015.0
40,1664832.0,Nov,NorthernNewEngland,2015.0
41,1911273.0,Nov,Philadelphia,2015.0
42,4519820.0,Nov,PhoenixTucson,2015.0
43,6461220.0,Nov,Plains,2015.0
44,2309206.0,Nov,Portland,2015.0
45,2032169.0,Nov,Sacramento,2015.0
46,2274544.0,Nov,SanDiego,2015.0
47,3686864.0,Nov,SanFrancisco,2015.0
48,2566595.0,Nov,Seattle,2015.0
49,23468190.0,Nov,SouthCentral,2015.0
50,13091804.0,Nov,Southeast,2015.0
51,1507945.0,Nov,Tampa,2015.0
52,138719625.0,Nov,TotalUS,2015.0
53,25260791.0,Nov,West,2015.0
54,3154285.0,Nov,WestTexNewMexico,2015.0
55,1585945.0,Oct,Atlanta,2015.0
56,3013250.0,Oct,BaltimoreWashington,2015.0
57,2313073.0,Oct,Boston,2015.0
58,19928057.0,Oct,California,2015.0
59,2844426.0,Oct,Chicago,2015.0
60,4254328.0,Oct,DallasFtWorth,2015.0
61,3104847.0,Oct,Denver,2015.0
62,11764532.0,Oct,GreatLakes,2015.0
63,3880562.0,Oct,Houston,2015.0
64,10004633.0,Oct,LosAngeles,2015.0
65,1755508.0,Oct,MiamiFtLauderdale,2015.0
66,9762092.0,Oct,Midsouth,2015.0
67,5403265.0,Oct,NewYork,2015.0
68,15282879.0,Oct,Northeast,2015.0
69,1670329.0,Oct,Philadelphia,2015.0
70,3412905.0,Oct,PhoenixTucson,2015.0
71,5771783.0,Oct,Plains,2015.0
72,2093483.0,Oct,Portland,2015.0
73,1785280.0,Oct,SanDiego,2015.0
74,2536071.0,Oct,SanFrancisco,2015.0
75,2268068.0,Oct,Seattle,2015.0
76,20282545.0,Oct,SouthCentral,2015.0
77,11049822.0,Oct,Southeast,2015.0
78,115231050.0,Oct,TotalUS,2015.0
79,21389335.0,Oct,West,2015.0
80,2634429.0,Oct,WestTexNewMexico,2015.0
81,1799848.0,Sep,Atlanta,2015.0
82,3199022.0,Sep,BaltimoreWashington,2015.0
83,2296679.0,Sep,Boston,2015.0
84,21248673.0,Sep,California,2015.0
85,3140811.0,Sep,Chicago,2015.0
86,4752506.0,Sep,DallasFtWorth,2015.0
87,3031726.0,Sep,Denver,2015.0
88,13236934.0,Sep,GreatLakes,2015.0
89,4169882.0,Sep,Houston,2015.0
90,10767641.0,Sep,LosAngeles,2015.0
91,1851905.0,Sep,MiamiFtLauderdale,2015.0
92,10910229.0,Sep,Midsouth,2015.0
93,5282471.0,Sep,NewYork,2015.0
94,15570395.0,Sep,Northeast,2015.0
95,1672221.0,Sep,NorthernNewEngland,2015.0
96,1602110.0,Sep,Philadelphia,2015.0
97,4077873.0,Sep,PhoenixTucson,2015.0
98,6289570.0,Sep,Plains,2015.0
99,2124203.0,Sep,Portland,2015.0
100,1579561.0,Sep,Sacramento,2015.0
101,1946347.0,Sep,SanDiego,2015.0
102,2538158.0,Sep,SanFrancisco,2015.0
103,2194080.0,Sep,Seattle,2015.0
104,22201838.0,Sep,SouthCentral,2015.0
105,12153432.0,Sep,Southeast,2015.0
106,124257822.0,Sep,TotalUS,2015.0
107,22646749.0,Sep,West,2015.0
108,3111713.0,Sep,WestTexNewMexico,2015.0
109,2174571.0,Aug,Atlanta,2015.0
110,4083070.0,Aug,BaltimoreWashington,2015.0
111,2959164.0,Aug,Boston,2015.0
112,28580804.0,Aug,California,2015.0
113,3982957.0,Aug,Chicago,2015.0
114,5610989.0,Aug,DallasFtWorth,2015.0
115,3526978.0,Aug,Denver,2015.0
116,1845642.0,Aug,Detroit,2015.0
117,16745993.0,Aug,GreatLakes,2015.0
118,1637412.0,Aug,HartfordSpringfield,2015.0
119,4770678.0,Aug,Houston,2015.0
120,1527953.0,Aug,LasVegas,2015.0
121,14905807.0,Aug,LosAngeles,2015.0
122,2128504.0,Aug,MiamiFtLauderdale,2015.0
123,13951305.0,Aug,Midsouth,2015.0
124,7366832.0,Aug,NewYork,2015.0
125,21397537.0,Aug,Northeast,2015.0
126,2207334.0,Aug,NorthernNewEngland,2015.0
127,2085034.0,Aug,Philadelphia,2015.0
128,4995785.0,Aug,PhoenixTucson,2015.0
129,8305417.0,Aug,Plains,2015.0
130,2522282.0,Aug,Portland,2015.0
131,2041120.0,Aug,Sacramento,2015.0
132,2643994.0,Aug,SanDiego,2015.0
133,3202480.0,Aug,SanFrancisco,2015.0
134,2724356.0,Aug,Seattle,2015.0
135,1596619.0,Aug,SouthCarolina,2015.0
136,26689239.0,Aug,SouthCentral,2015.0
137,14536682.0,Aug,Southeast,2015.0
138,1517962.0,Aug,Tampa,2015.0
139,158191823.0,Aug,TotalUS,2015.0
140,27984844.0,Aug,West,2015.0
141,4040653.0,Aug,WestTexNewMexico,2015.0
142,1991478.0,Jul,Atlanta,2015.0
143,3358908.0,Jul,BaltimoreWashington,2015.0
144,2327482.0,Jul,Boston,2015.0
145,23404583.0,Jul,California,2015.0
146,3382287.0,Jul,Chicago,2015.0
147,4892327.0,Jul,DallasFtWorth,2015.0
148,3151813.0,Jul,Denver,2015.0
149,13767110.0,Jul,GreatLakes,2015.0
150,4401597.0,Jul,Houston,2015.0
151,11778010.0,Jul,LosAngeles,2015.0
152,2132536.0,Jul,MiamiFtLauderdale,2015.0
153,11664799.0,Jul,Midsouth,2015.0
154,5515607.0,Jul,NewYork,2015.0
155,17415363.0,Jul,Northeast,2015.0
156,2077921.0,Jul,NorthernNewEngland,2015.0
157,1589583.0,Jul,Philadelphia,2015.0
158,4336398.0,Jul,PhoenixTucson,2015.0
159,7474430.0,Jul,Plains,2015.0
160,2152560.0,Jul,Portland,2015.0
161,1804035.0,Jul,Sacramento,2015.0
162,2081471.0,Jul,SanDiego,2015.0
163,2776162.0,Jul,SanFrancisco,2015.0
164,2240010.0,Jul,Seattle,2015.0
165,23693376.0,Jul,SouthCentral,2015.0
166,13732685.0,Jul,Southeast,2015.0
167,135088853.0,Jul,TotalUS,2015.0
168,23936506.0,Jul,West,2015.0
169,3284604.0,Jul,WestTexNewMexico,2015.0
170,2026686.0,Jun,Atlanta,2015.0
171,3524850.0,Jun,BaltimoreWashington,2015.0
172,2363180.0,Jun,Boston,2015.0
173,25175395.0,Jun,California,2015.0
174,3356591.0,Jun,Chicago,2015.0
175,5292012.0,Jun,DallasFtWorth,2015.0
176,3080883.0,Jun,Denver,2015.0
177,1616108.0,Jun,Detroit,2015.0
178,14477172.0,Jun,GreatLakes,2015.0
179,5080823.0,Jun,Houston,2015.0
180,13092335.0,Jun,LosAngeles,2015.0
181,2242308.0,Jun,MiamiFtLauderdale,2015.0
182,12201393.0,Jun,Midsouth,2015.0
183,6117156.0,Jun,NewYork,2015.0
184,18121592.0,Jun,Northeast,2015.0
185,1876897.0,Jun,NorthernNewEngland,2015.0
186,1754220.0,Jun,Philadelphia,2015.0
187,5162830.0,Jun,PhoenixTucson,2015.0
188,7883558.0,Jun,Plains,2015.0
189,2378966.0,Jun,Portland,2015.0
190,1752457.0,Jun,Sacramento,2015.0
191,2373825.0,Jun,SanDiego,2015.0
192,2865966.0,Jun,SanFrancisco,2015.0
193,2333893.0,Jun,Seattle,2015.0
194,25905139.0,Jun,SouthCentral,2015.0
195,14183440.0,Jun,Southeast,2015.0
196,144304087.0,Jun,TotalUS,2015.0
197,26356396.0,Jun,West,2015.0
198,4029475.0,Jun,WestTexNewMexico,2015.0
199,2667918.0,May,Atlanta,2015.0
200,4483919.0,May,BaltimoreWashington,2015.0
201,2930761.0,May,Boston,2015.0
202,33034580.0,May,California,2015.0
203,4441443.0,May,Chicago,2015.0
204,6413475.0,May,DallasFtWorth,2015.0
205,3668814.0,May,Denver,2015.0
206,1979903.0,May,Detroit,2015.0
207,18438433.0,May,GreatLakes,2015.0
208,1714786.0,May,HartfordSpringfield,2015.0
209,5928786.0,May,Houston,2015.0
210,1647486.0,May,LasVegas,2015.0
211,16400578.0,May,LosAngeles,2015.0
212,2993525.0,May,MiamiFtLauderdale,2015.0
213,15880166.0,May,Midsouth,2015.0
214,8161470.0,May,NewYork,2015.0
215,23513964.0,May,Northeast,2015.0
216,2333952.0,May,NorthernNewEngland,2015.0
217,1668106.0,May,Orlando,2015.0
218,2379451.0,May,Philadelphia,2015.0
219,5967457.0,May,PhoenixTucson,2015.0
220,10438708.0,May,Plains,2015.0
221,3161393.0,May,Portland,2015.0
222,2407616.0,May,Sacramento,2015.0
223,2895409.0,May,SanDiego,2015.0
224,4366759.0,May,SanFrancisco,2015.0
225,3115312.0,May,Seattle,2015.0
226,1884121.0,May,SouthCarolina,2015.0
227,31314365.0,May,SouthCentral,2015.0
228,18221446.0,May,Southeast,2015.0
229,1866274.0,May,Tampa,2015.0
230,182752153.0,May,TotalUS,2015.0
231,31910488.0,May,West,2015.0
232,4801198.0,May,WestTexNewMexico,2015.0
233,1737202.0,Apr,Atlanta,2015.0
234,3096270.0,Apr,BaltimoreWashington,2015.0
235,1841870.0,Apr,Boston,2015.0
236,22390827.0,Apr,California,2015.0
237,3243760.0,Apr,Chicago,2015.0
238,4876449.0,Apr,DallasFtWorth,2015.0
239,3129462.0,Apr,Denver,2015.0
240,13336061.0,Apr,GreatLakes,2015.0
241,4410965.0,Apr,Houston,2015.0
242,10836845.0,Apr,LosAngeles,2015.0
243,2126441.0,Apr,MiamiFtLauderdale,2015.0
244,11071592.0,Apr,Midsouth,2015.0
245,5037854.0,Apr,NewYork,2015.0
246,14339385.0,Apr,Northeast,2015.0
247,5040995.0,Apr,PhoenixTucson,2015.0
248,7544485.0,Apr,Plains,2015.0
249,2208277.0,Apr,Portland,2015.0
250,1605500.0,Apr,Sacramento,2015.0
251,1952019.0,Apr,SanDiego,2015.0
252,3087772.0,Apr,SanFrancisco,2015.0
253,2090667.0,Apr,Seattle,2015.0
254,23748715.0,Apr,SouthCentral,2015.0
255,12917944.0,Apr,Southeast,2015.0
256,130552492.0,Apr,TotalUS,2015.0
257,25203480.0,Apr,West,2015.0
258,3687947.0,Apr,WestTexNewMexico,2015.0
259,2236038.0,Mar,Atlanta,2015.0
260,3673052.0,Mar,BaltimoreWashington,2015.0
261,2231136.0,Mar,Boston,2015.0
262,29837948.0,Mar,California,2015.0
263,4095628.0,Mar,Chicago,2015.0
264,6132194.0,Mar,DallasFtWorth,2015.0
265,3517609.0,Mar,Denver,2015.0
266,1728060.0,Mar,Detroit,2015.0
267,16689795.0,Mar,GreatLakes,2015.0
268,5407996.0,Mar,Houston,2015.0
269,1548140.0,Mar,LasVegas,2015.0
270,13827450.0,Mar,LosAngeles,2015.0
271,2399742.0,Mar,MiamiFtLauderdale,2015.0
272,12917919.0,Mar,Midsouth,2015.0
273,6031017.0,Mar,NewYork,2015.0
274,17435808.0,Mar,Northeast,2015.0
275,1674103.0,Mar,NorthernNewEngland,2015.0
276,1883814.0,Mar,Philadelphia,2015.0
277,5786423.0,Mar,PhoenixTucson,2015.0
278,8224230.0,Mar,Plains,2015.0
279,2477870.0,Mar,Portland,2015.0
280,2146573.0,Mar,Sacramento,2015.0
281,2566217.0,Mar,SanDiego,2015.0
282,4374888.0,Mar,SanFrancisco,2015.0
283,2680097.0,Mar,Seattle,2015.0
284,1598991.0,Mar,SouthCarolina,2015.0
285,28939747.0,Mar,SouthCentral,2015.0
286,15506342.0,Mar,Southeast,2015.0
287,1597988.0,Mar,Tampa,2015.0
288,158757311.0,Mar,TotalUS,2015.0
289,29205519.0,Mar,West,2015.0
290,4058369.0,Mar,WestTexNewMexico,2015.0
291,1969062.0,Feb,Atlanta,2015.0
292,3322598.0,Feb,BaltimoreWashington,2015.0
293,1866963.0,Feb,Boston,2015.0
294,27136965.0,Feb,California,2015.0
295,3407409.0,Feb,Chicago,2015.0
296,4784750.0,Feb,DallasFtWorth,2015.0
297,3379946.0,Feb,Denver,2015.0
298,13307409.0,Feb,GreatLakes,2015.0
299,4545007.0,Feb,Houston,2015.0
300,12737718.0,Feb,LosAngeles,2015.0
301,1831916.0,Feb,MiamiFtLauderdale,2015.0
302,11823925.0,Feb,Midsouth,2015.0
303,5267939.0,Feb,NewYork,2015.0
304,15026037.0,Feb,Northeast,2015.0
305,1749677.0,Feb,Philadelphia,2015.0
306,5065681.0,Feb,PhoenixTucson,2015.0
307,7568540.0,Feb,Plains,2015.0
308,2234583.0,Feb,Portland,2015.0
309,2028695.0,Feb,Sacramento,2015.0
310,2201152.0,Feb,SanDiego,2015.0
311,3901284.0,Feb,SanFrancisco,2015.0
312,2493971.0,Feb,Seattle,2015.0
313,23536576.0,Feb,SouthCentral,2015.0
314,13007774.0,Feb,Southeast,2015.0
315,137503440.0,Feb,TotalUS,2015.0
316,26096211.0,Feb,West,2015.0
317,3185019.0,Feb,WestTexNewMexico,2015.0
318,1728319.0,Jan,Atlanta,2015.0
319,2883524.0,Jan,BaltimoreWashington,2015.0
320,1748752.0,Jan,Boston,2015.0
321,22920432.0,Jan,California,2015.0
322,3183213.0,Jan,Chicago,2015.0
323,4360934.0,Jan,DallasFtWorth,2015.0
324,2956418.0,Jan,Denver,2015.0
325,12622567.0,Jan,GreatLakes,2015.0
326,4164705.0,Jan,Houston,2015.0
327,10722981.0,Jan,LosAngeles,2015.0
328,1693236.0,Jan,MiamiFtLauderdale,2015.0
329,9956951.0,Jan,Midsouth,2015.0
330,4623953.0,Jan,NewYork,2015.0
331,13294621.0,Jan,Northeast,2015.0
332,4535360.0,Jan,PhoenixTucson,2015.0
333,6404105.0,Jan,Plains,2015.0
334,2141317.0,Jan,Portland,2015.0
335,1650458.0,Jan,Sacramento,2015.0
336,1938714.0,Jan,SanDiego,2015.0
337,3412453.0,Jan,SanFrancisco,2015.0
338,2199923.0,Jan,Seattle,2015.0
339,21249906.0,Jan,SouthCentral,2015.0
340,11111798.0,Jan,Southeast,2015.0
341,120453518.0,Jan,TotalUS,2015.0
342,22893134.0,Jan,West,2015.0
343,2819489.0,Jan,WestTexNewMexico,2015.0
344,1902233.0,Dec,Atlanta,2016.0
345,2469401.0,Dec,BaltimoreWashington,2016.0
346,2062392.0,Dec,Boston,2016.0
347,21427876.0,Dec,California,2016.0
348,2770274.0,Dec,Chicago,2016.0
349,4797503.0,Dec,DallasFtWorth,2016.0
350,3209128.0,Dec,Denver,2016.0
351,1543650.0,Dec,Detroit,2016.0
352,13141445.0,Dec,GreatLakes,2016.0
353,4577259.0,Dec,Houston,2016.0
354,10897135.0,Dec,LosAngeles,2016.0
355,2500340.0,Dec,MiamiFtLauderdale,2016.0
356,9442577.0,Dec,Midsouth,2016.0
357,4620349.0,Dec,NewYork,2016.0
358,13953397.0,Dec,Northeast,2016.0
359,4596723.0,Dec,PhoenixTucson,2016.0
360,6192525.0,Dec,Plains,2016.0
361,2719004.0,Dec,Portland,2016.0
362,1579815.0,Dec,Sacramento,2016.0
363,1963335.0,Dec,SanDiego,2016.0
364,2596795.0,Dec,SanFrancisco,2016.0
365,2467643.0,Dec,Seattle,2016.0
366,22126389.0,Dec,SouthCentral,2016.0
367,13937711.0,Dec,Southeast,2016.0
368,1671756.0,Dec,Tampa,2016.0
369,124987139.0,Dec,TotalUS,2016.0
370,24765215.0,Dec,West,2016.0
371,3186319.0,Dec,WestTexNewMexico,2016.0
372,1664207.0,Nov,Atlanta,2016.0
373,2256006.0,Nov,BaltimoreWashington,2016.0
374,1671201.0,Nov,Boston,2016.0
375,16143478.0,Nov,California,2016.0
376,2191946.0,Nov,Chicago,2016.0
377,3642146.0,Nov,DallasFtWorth,2016.0
378,2274071.0,Nov,Denver,2016.0
379,10104549.0,Nov,GreatLakes,2016.0
380,3440805.0,Nov,Houston,2016.0
381,8292907.0,Nov,LosAngeles,2016.0
382,1782174.0,Nov,MiamiFtLauderdale,2016.0
383,8451479.0,Nov,Midsouth,2016.0
384,3792194.0,Nov,NewYork,2016.0
385,11499190.0,Nov,Northeast,2016.0
386,3813740.0,Nov,PhoenixTucson,2016.0
387,4918926.0,Nov,Plains,2016.0
388,1917350.0,Nov,Portland,2016.0
389,2071454.0,Nov,SanFrancisco,2016.0
390,1891703.0,Nov,Seattle,2016.0
391,17173310.0,Nov,SouthCentral,2016.0
392,10732156.0,Nov,Southeast,2016.0
393,97906206.0,Nov,TotalUS,2016.0
394,18883113.0,Nov,West,2016.0
395,2722710.0,Nov,WestTexNewMexico,2016.0
396,2250659.0,Oct,Atlanta,2016.0
397,3182947.0,Oct,BaltimoreWashington,2016.0
398,2243905.0,Oct,Boston,2016.0
399,23480940.0,Oct,California,2016.0
400,2500451.0,Oct,Chicago,2016.0
401,5118949.0,Oct,DallasFtWorth,2016.0
402,3375855.0,Oct,Denver,2016.0
403,13215176.0,Oct,GreatLakes,2016.0
404,4769578.0,Oct,Houston,2016.0
405,12103162.0,Oct,LosAngeles,2016.0
406,2332878.0,Oct,MiamiFtLauderdale,2016.0
407,12383574.0,Oct,Midsouth,2016.0
408,4598419.0,Oct,NewYork,2016.0
409,15387638.0,Oct,Northeast,2016.0
410,1636068.0,Oct,Philadelphia,2016.0
411,3908162.0,Oct,PhoenixTucson,2016.0
412,6399581.0,Oct,Plains,2016.0
413,3178050.0,Oct,Portland,2016.0
414,1602052.0,Oct,Sacramento,2016.0
415,2139624.0,Oct,SanDiego,2016.0
416,2965686.0,Oct,SanFrancisco,2016.0
417,3200786.0,Oct,Seattle,2016.0
418,24227073.0,Oct,SouthCentral,2016.0
419,14689171.0,Oct,Southeast,2016.0
420,1596450.0,Oct,Tampa,2016.0
421,135775521.0,Oct,TotalUS,2016.0
422,25992364.0,Oct,West,2016.0
423,3362850.0,Oct,WestTexNewMexico,2016.0
424,2220143.0,Sep,Atlanta,2016.0
425,3142905.0,Sep,BaltimoreWashington,2016.0
426,2250777.0,Sep,Boston,2016.0
427,24917535.0,Sep,California,2016.0
428,2568389.0,Sep,Chicago,2016.0
429,5328693.0,Sep,DallasFtWorth,2016.0
430,3234281.0,Sep,Denver,2016.0
431,12492331.0,Sep,GreatLakes,2016.0
432,4898278.0,Sep,Houston,2016.0
433,12320963.0,Sep,LosAngeles,2016.0
434,2457531.0,Sep,MiamiFtLauderdale,2016.0
435,12045099.0,Sep,Midsouth,2016.0
436,5199484.0,Sep,NewYork,2016.0
437,15919860.0,Sep,Northeast,2016.0
438,1806980.0,Sep,Philadelphia,2016.0
439,4087665.0,Sep,PhoenixTucson,2016.0
440,6880310.0,Sep,Plains,2016.0
441,2704217.0,Sep,Portland,2016.0
442,1760444.0,Sep,Sacramento,2016.0
443,2126858.0,Sep,SanDiego,2016.0
444,3480721.0,Sep,SanFrancisco,2016.0
445,2577220.0,Sep,Seattle,2016.0
446,25109312.0,Sep,SouthCentral,2016.0
447,15139884.0,Sep,Southeast,2016.0
448,1608024.0,Sep,Tampa,2016.0
449,136744721.0,Sep,TotalUS,2016.0
450,24240386.0,Sep,West,2016.0
451,3267310.0,Sep,WestTexNewMexico,2016.0
452,2331901.0,Aug,Atlanta,2016.0
453,3018169.0,Aug,BaltimoreWashington,2016.0
454,2332596.0,Aug,Boston,2016.0
455,26458531.0,Aug,California,2016.0
456,2633837.0,Aug,Chicago,2016.0
457,5083855.0,Aug,DallasFtWorth,2016.0
458,2984577.0,Aug,Denver,2016.0
459,12713314.0,Aug,GreatLakes,2016.0
460,4258903.0,Aug,Houston,2016.0
461,13103421.0,Aug,LosAngeles,2016.0
462,2354287.0,Aug,MiamiFtLauderdale,2016.0
463,11933147.0,Aug,Midsouth,2016.0
464,5182631.0,Aug,NewYork,2016.0
465,16998603.0,Aug,Northeast,2016.0
466,1942813.0,Aug,NorthernNewEngland,2016.0
467,1686750.0,Aug,Philadelphia,2016.0
468,5369634.0,Aug,PhoenixTucson,2016.0
469,7452534.0,Aug,Plains,2016.0
470,2677992.0,Aug,Portland,2016.0
471,1873309.0,Aug,Sacramento,2016.0
472,2295011.0,Aug,SanDiego,2016.0
473,3600684.0,Aug,SanFrancisco,2016.0
474,2518238.0,Aug,Seattle,2016.0
475,1540542.0,Aug,SouthCarolina,2016.0
476,23335085.0,Aug,SouthCentral,2016.0
477,15235508.0,Aug,Southeast,2016.0
478,1601060.0,Aug,Tampa,2016.0
479,139879340.0,Aug,TotalUS,2016.0
480,25752614.0,Aug,West,2016.0
481,3276183.0,Aug,WestTexNewMexico,2016.0
482,2938170.0,Jul,Atlanta,2016.0
483,3912270.0,Jul,BaltimoreWashington,2016.0
484,2701003.0,Jul,Boston,2016.0
485,33050215.0,Jul,California,2016.0
486,3786063.0,Jul,Chicago,2016.0
487,6006044.0,Jul,DallasFtWorth,2016.0
488,3919481.0,Jul,Denver,2016.0
489,1773024.0,Jul,Detroit,2016.0
490,17452420.0,Jul,GreatLakes,2016.0
491,5329828.0,Jul,Houston,2016.0
492,1631304.0,Jul,LasVegas,2016.0
493,16277709.0,Jul,LosAngeles,2016.0
494,2996138.0,Jul,MiamiFtLauderdale,2016.0
495,15805262.0,Jul,Midsouth,2016.0
496,6131290.0,Jul,NewYork,2016.0
497,20955748.0,Jul,Northeast,2016.0
498,2472687.0,Jul,NorthernNewEngland,2016.0
499,1940574.0,Jul,Orlando,2016.0
500,2054685.0,Jul,Philadelphia,2016.0
501,4767677.0,Jul,PhoenixTucson,2016.0
502,9932715.0,Jul,Plains,2016.0
503,3373794.0,Jul,Portland,2016.0
504,1505692.0,Jul,RaleighGreensboro,2016.0
505,2482701.0,Jul,Sacramento,2016.0
506,2873828.0,Jul,SanDiego,2016.0
507,4300684.0,Jul,SanFrancisco,2016.0
508,3298421.0,Jul,Seattle,2016.0
509,1982700.0,Jul,SouthCarolina,2016.0
510,28865722.0,Jul,SouthCentral,2016.0
511,19573739.0,Jul,Southeast,2016.0
512,2062937.0,Jul,Tampa,2016.0
513,176758565.0,Jul,TotalUS,2016.0
514,31122741.0,Jul,West,2016.0
515,4413370.0,Jul,WestTexNewMexico,2016.0
516,2661237.0,Jun,Atlanta,2016.0
517,3471365.0,Jun,BaltimoreWashington,2016.0
518,2591285.0,Jun,Boston,2016.0
519,27583891.0,Jun,California,2016.0
520,3547228.0,Jun,Chicago,2016.0
521,5246815.0,Jun,DallasFtWorth,2016.0
522,3414654.0,Jun,Denver,2016.0
523,1775687.0,Jun,Detroit,2016.0
524,15842803.0,Jun,GreatLakes,2016.0
525,4806244.0,Jun,Houston,2016.0
526,1530844.0,Jun,LasVegas,2016.0
527,13888883.0,Jun,LosAngeles,2016.0
528,2661088.0,Jun,MiamiFtLauderdale,2016.0
529,13199078.0,Jun,Midsouth,2016.0
530,6064601.0,Jun,NewYork,2016.0
531,18946771.0,Jun,Northeast,2016.0
532,1960164.0,Jun,NorthernNewEngland,2016.0
533,1555918.0,Jun,Orlando,2016.0
534,1816616.0,Jun,Philadelphia,2016.0
535,4955571.0,Jun,PhoenixTucson,2016.0
536,9312374.0,Jun,Plains,2016.0
537,3054260.0,Jun,Portland,2016.0
538,2027817.0,Jun,Sacramento,2016.0
539,2504924.0,Jun,SanDiego,2016.0
540,3330739.0,Jun,SanFrancisco,2016.0
541,3002897.0,Jun,Seattle,2016.0
542,1635288.0,Jun,SouthCarolina,2016.0
543,25064897.0,Jun,SouthCentral,2016.0
544,16517486.0,Jun,Southeast,2016.0
545,1677538.0,Jun,Tampa,2016.0
546,154985478.0,Jun,TotalUS,2016.0
547,28518174.0,Jun,West,2016.0
548,4108101.0,Jun,WestTexNewMexico,2016.0
549,3463166.0,May,Atlanta,2016.0
550,4770762.0,May,BaltimoreWashington,2016.0
551,3767928.0,May,Boston,2016.0
552,35840687.0,May,California,2016.0
553,4867064.0,May,Chicago,2016.0
554,7136646.0,May,DallasFtWorth,2016.0
555,5135326.0,May,Denver,2016.0
556,2045260.0,May,Detroit,2016.0
557,20885929.0,May,GreatLakes,2016.0
558,1540713.0,May,HarrisburgScranton,2016.0
559,2020565.0,May,HartfordSpringfield,2016.0
560,6682770.0,May,Houston,2016.0
561,1914914.0,May,LasVegas,2016.0
562,17567314.0,May,LosAngeles,2016.0
563,3994982.0,May,MiamiFtLauderdale,2016.0
564,17612081.0,May,Midsouth,2016.0
565,1936131.0,May,NewOrleansMobile,2016.0
566,9605379.0,May,NewYork,2016.0
567,27528814.0,May,Northeast,2016.0
568,2593816.0,May,NorthernNewEngland,2016.0
569,2437635.0,May,Orlando,2016.0
570,2650982.0,May,Philadelphia,2016.0
571,6483070.0,May,PhoenixTucson,2016.0
572,11612044.0,May,Plains,2016.0
573,4434488.0,May,Portland,2016.0
574,1559287.0,May,RaleighGreensboro,2016.0
575,2522886.0,May,Sacramento,2016.0
576,3124875.0,May,SanDiego,2016.0
577,4632948.0,May,SanFrancisco,2016.0
578,4453121.0,May,Seattle,2016.0
579,2347973.0,May,SouthCarolina,2016.0
580,34532845.0,May,SouthCentral,2016.0
581,24614792.0,May,Southeast,2016.0
582,2642947.0,May,Tampa,2016.0
583,211814173.0,May,TotalUS,2016.0
584,39186978.0,May,West,2016.0
585,4946503.0,May,WestTexNewMexico,2016.0
586,2214480.0,Apr,Atlanta,2016.0
587,3411552.0,Apr,BaltimoreWashington,2016.0
588,2515102.0,Apr,Boston,2016.0
589,26697041.0,Apr,California,2016.0
590,3407276.0,Apr,Chicago,2016.0
591,5674783.0,Apr,DallasFtWorth,2016.0
592,3836297.0,Apr,Denver,2016.0
593,14479132.0,Apr,GreatLakes,2016.0
594,5291683.0,Apr,Houston,2016.0
595,12854456.0,Apr,LosAngeles,2016.0
596,2858127.0,Apr,MiamiFtLauderdale,2016.0
597,12344577.0,Apr,Midsouth,2016.0
598,5145734.0,Apr,NewYork,2016.0
599,16803175.0,Apr,Northeast,2016.0
600,1774003.0,Apr,NorthernNewEngland,2016.0
601,1770674.0,Apr,Orlando,2016.0
602,1639267.0,Apr,Philadelphia,2016.0
603,5076800.0,Apr,PhoenixTucson,2016.0
604,8053655.0,Apr,Plains,2016.0
605,3294446.0,Apr,Portland,2016.0
606,1959088.0,Apr,Sacramento,2016.0
607,2438785.0,Apr,SanDiego,2016.0
608,3523617.0,Apr,SanFrancisco,2016.0
609,3397848.0,Apr,Seattle,2016.0
610,1562279.0,Apr,SouthCarolina,2016.0
611,26526901.0,Apr,SouthCentral,2016.0
612,17259913.0,Apr,Southeast,2016.0
613,1926469.0,Apr,Tampa,2016.0
614,151936060.0,Apr,TotalUS,2016.0
615,29771663.0,Apr,West,2016.0
616,3596533.0,Apr,WestTexNewMexico,2016.0
617,2032269.0,Mar,Atlanta,2016.0
618,3401178.0,Mar,BaltimoreWashington,2016.0
619,2582072.0,Mar,Boston,2016.0
620,26283057.0,Mar,California,2016.0
621,3403166.0,Mar,Chicago,2016.0
622,5140859.0,Mar,DallasFtWorth,2016.0
623,3508344.0,Mar,Denver,2016.0
624,1546783.0,Mar,Detroit,2016.0
625,14348742.0,Mar,GreatLakes,2016.0
626,4787782.0,Mar,Houston,2016.0
627,13402223.0,Mar,LosAngeles,2016.0
628,2237770.0,Mar,MiamiFtLauderdale,2016.0
629,12488635.0,Mar,Midsouth,2016.0
630,6337612.0,Mar,NewYork,2016.0
631,18451001.0,Mar,Northeast,2016.0
632,1765790.0,Mar,NorthernNewEngland,2016.0
633,1959460.0,Mar,Philadelphia,2016.0
634,5354611.0,Mar,PhoenixTucson,2016.0
635,7680801.0,Mar,Plains,2016.0
636,3078561.0,Mar,Portland,2016.0
637,1780763.0,Mar,Sacramento,2016.0
638,2531659.0,Mar,SanDiego,2016.0
639,3087248.0,Mar,SanFrancisco,2016.0
640,3088198.0,Mar,Seattle,2016.0
641,24909594.0,Mar,SouthCentral,2016.0
642,14587339.0,Mar,Southeast,2016.0
643,1543846.0,Mar,Tampa,2016.0
644,147686868.0,Mar,TotalUS,2016.0
645,28937696.0,Mar,West,2016.0
646,3640551.0,Mar,WestTexNewMexico,2016.0
647,2197858.0,Feb,Atlanta,2016.0
648,3564211.0,Feb,BaltimoreWashington,2016.0
649,2676761.0,Feb,Boston,2016.0
650,30822251.0,Feb,California,2016.0
651,3596771.0,Feb,Chicago,2016.0
652,5145356.0,Feb,DallasFtWorth,2016.0
653,4475549.0,Feb,Denver,2016.0
654,1562646.0,Feb,Detroit,2016.0
655,14904890.0,Feb,GreatLakes,2016.0
656,4582567.0,Feb,Houston,2016.0
657,15602775.0,Feb,LosAngeles,2016.0
658,2942832.0,Feb,MiamiFtLauderdale,2016.0
659,13341133.0,Feb,Midsouth,2016.0
660,7036325.0,Feb,NewYork,2016.0
661,19685046.0,Feb,Northeast,2016.0
662,1868961.0,Feb,NorthernNewEngland,2016.0
663,1818379.0,Feb,Orlando,2016.0
664,1988408.0,Feb,Philadelphia,2016.0
665,5249465.0,Feb,PhoenixTucson,2016.0
666,8127158.0,Feb,Plains,2016.0
667,3184356.0,Feb,Portland,2016.0
668,2133996.0,Feb,Sacramento,2016.0
669,2760097.0,Feb,SanDiego,2016.0
670,3768721.0,Feb,SanFrancisco,2016.0
671,3299901.0,Feb,Seattle,2016.0
672,1645628.0,Feb,SouthCarolina,2016.0
673,25074813.0,Feb,SouthCentral,2016.0
674,18041033.0,Feb,Southeast,2016.0
675,2055935.0,Feb,Tampa,2016.0
676,161566817.0,Feb,TotalUS,2016.0
677,31570490.0,Feb,West,2016.0
678,3886678.0,Feb,WestTexNewMexico,2016.0
679,2450549.0,Jan,Atlanta,2016.0
680,4293032.0,Jan,BaltimoreWashington,2016.0
681,3176288.0,Jan,Boston,2016.0
682,33482875.0,Jan,California,2016.0
683,4340165.0,Jan,Chicago,2016.0
684,5373593.0,Jan,DallasFtWorth,2016.0
685,5940193.0,Jan,Denver,2016.0
686,2021555.0,Jan,Detroit,2016.0
687,18159292.0,Jan,GreatLakes,2016.0
688,1690220.0,Jan,HartfordSpringfield,2016.0
689,5279083.0,Jan,Houston,2016.0
690,16831349.0,Jan,LosAngeles,2016.0
691,2766908.0,Jan,MiamiFtLauderdale,2016.0
692,15213850.0,Jan,Midsouth,2016.0
693,7832537.0,Jan,NewYork,2016.0
694,22801837.0,Jan,Northeast,2016.0
695,2267936.0,Jan,NorthernNewEngland,2016.0
696,1725106.0,Jan,Orlando,2016.0
697,2298982.0,Jan,Philadelphia,2016.0
698,5620562.0,Jan,PhoenixTucson,2016.0
699,8679004.0,Jan,Plains,2016.0
700,3694989.0,Jan,Portland,2016.0
701,2266011.0,Jan,Sacramento,2016.0
702,3130577.0,Jan,SanDiego,2016.0
703,4170324.0,Jan,SanFrancisco,2016.0
704,3992436.0,Jan,Seattle,2016.0
705,1586835.0,Jan,SouthCarolina,2016.0
706,27152751.0,Jan,SouthCentral,2016.0
707,17792740.0,Jan,Southeast,2016.0
708,2118904.0,Jan,Tampa,2016.0
709,179118249.0,Jan,TotalUS,2016.0
710,35835895.0,Jan,West,2016.0
711,3400319.0,Jan,WestTexNewMexico,2016.0
712,2695000.0,Dec,Atlanta,2017.0
713,3893550.0,Dec,BaltimoreWashington,2017.0
714,2649927.0,Dec,Boston,2017.0
715,30621186.0,Dec,California,2017.0
716,4362418.0,Dec,Chicago,2017.0
717,5850152.0,Dec,DallasFtWorth,2017.0
718,4127717.0,Dec,Denver,2017.0
719,2056729.0,Dec,Detroit,2017.0
720,18201011.0,Dec,GreatLakes,2017.0
721,6179918.0,Dec,Houston,2017.0
722,14107347.0,Dec,LosAngeles,2017.0
723,3194482.0,Dec,MiamiFtLauderdale,2017.0
724,15814964.0,Dec,Midsouth,2017.0
725,7593728.0,Dec,NewYork,2017.0
726,21407240.0,Dec,Northeast,2017.0
727,2363180.0,Dec,NorthernNewEngland,2017.0
728,1909391.0,Dec,Orlando,2017.0
729,2136211.0,Dec,Philadelphia,2017.0
730,5454509.0,Dec,PhoenixTucson,2017.0
731,9093555.0,Dec,Plains,2017.0
732,2809908.0,Dec,Portland,2017.0
733,1642161.0,Dec,RaleighGreensboro,2017.0
734,2392708.0,Dec,Sacramento,2017.0
735,2728072.0,Dec,SanDiego,2017.0
736,4593060.0,Dec,SanFrancisco,2017.0
737,2655107.0,Dec,Seattle,2017.0
738,1903961.0,Dec,SouthCarolina,2017.0
739,28962094.0,Dec,SouthCentral,2017.0
740,19440584.0,Dec,Southeast,2017.0
741,2219026.0,Dec,Tampa,2017.0
742,173496116.0,Dec,TotalUS,2017.0
743,29955477.0,Dec,West,2017.0
744,3879096.0,Dec,WestTexNewMexico,2017.0
745,1997682.0,Nov,Atlanta,2017.0
746,2799774.0,Nov,BaltimoreWashington,2017.0
747,2082591.0,Nov,Boston,2017.0
748,20981459.0,Nov,California,2017.0
749,2272688.0,Nov,Chicago,2017.0
750,4128875.0,Nov,DallasFtWorth,2017.0
751,3094388.0,Nov,Denver,2017.0
752,1510397.0,Nov,Detroit,2017.0
753,12350867.0,Nov,GreatLakes,2017.0
754,4844660.0,Nov,Houston,2017.0
755,10119699.0,Nov,LosAngeles,2017.0
756,2107781.0,Nov,MiamiFtLauderdale,2017.0
757,10670669.0,Nov,Midsouth,2017.0
758,5264982.0,Nov,NewYork,2017.0
759,15233790.0,Nov,Northeast,2017.0
760,1640475.0,Nov,NorthernNewEngland,2017.0
761,1554197.0,Nov,Philadelphia,2017.0
762,4859879.0,Nov,PhoenixTucson,2017.0
763,6211966.0,Nov,Plains,2017.0
764,2050377.0,Nov,Portland,2017.0
765,1515799.0,Nov,Sacramento,2017.0
766,1772816.0,Nov,SanDiego,2017.0
767,3024242.0,Nov,SanFrancisco,2017.0
768,1784623.0,Nov,Seattle,2017.0
769,21076792.0,Nov,SouthCentral,2017.0
770,13136008.0,Nov,Southeast,2017.0
771,122366786.0,Nov,TotalUS,2017.0
772,22705233.0,Nov,West,2017.0
773,2881991.0,Nov,WestTexNewMexico,2017.0
774,2206118.0,Oct,Atlanta,2017.0
775,3583770.0,Oct,BaltimoreWashington,2017.0
776,2416029.0,Oct,Boston,2017.0
777,22858592.0,Oct,California,2017.0
778,2858845.0,Oct,Chicago,2017.0
779,4909066.0,Oct,DallasFtWorth,2017.0
780,3219535.0,Oct,Denver,2017.0
781,12498864.0,Oct,GreatLakes,2017.0
782,5319208.0,Oct,Houston,2017.0
783,10324922.0,Oct,LosAngeles,2017.0
784,2579119.0,Oct,MiamiFtLauderdale,2017.0
785,12840208.0,Oct,Midsouth,2017.0
786,6296145.0,Oct,NewYork,2017.0
787,17875225.0,Oct,Northeast,2017.0
788,1586279.0,Oct,NorthernNewEngland,2017.0
789,1615303.0,Oct,Orlando,2017.0
790,1993190.0,Oct,Philadelphia,2017.0
791,3888708.0,Oct,PhoenixTucson,2017.0
792,7062736.0,Oct,Plains,2017.0
793,2387588.0,Oct,Portland,2017.0
794,1758460.0,Oct,Sacramento,2017.0
795,1960489.0,Oct,SanDiego,2017.0
796,3698213.0,Oct,SanFrancisco,2017.0
797,2189564.0,Oct,Seattle,2017.0
798,1546546.0,Oct,SouthCarolina,2017.0
799,24408341.0,Oct,SouthCentral,2017.0
800,16130369.0,Oct,Southeast,2017.0
801,1864225.0,Oct,Tampa,2017.0
802,136697529.0,Oct,TotalUS,2017.0
803,23023191.0,Oct,West,2017.0
804,3195490.0,Oct,WestTexNewMexico,2017.0
805,1765310.0,Sep,Atlanta,2017.0
806,2916546.0,Sep,BaltimoreWashington,2017.0
807,2053448.0,Sep,Boston,2017.0
808,17707159.0,Sep,California,2017.0
809,2418168.0,Sep,Chicago,2017.0
810,4059235.0,Sep,DallasFtWorth,2017.0
811,2300675.0,Sep,Denver,2017.0
812,10639077.0,Sep,GreatLakes,2017.0
813,3985984.0,Sep,Houston,2017.0
814,8045978.0,Sep,LosAngeles,2017.0
815,1655924.0,Sep,MiamiFtLauderdale,2017.0
816,10594455.0,Sep,Midsouth,2017.0
817,4876032.0,Sep,NewYork,2017.0
818,14604165.0,Sep,Northeast,2017.0
819,1598968.0,Sep,Philadelphia,2017.0
820,2919876.0,Sep,PhoenixTucson,2017.0
821,6034194.0,Sep,Plains,2017.0
822,1592104.0,Sep,Portland,2017.0
823,2761024.0,Sep,SanFrancisco,2017.0
824,1698990.0,Sep,Seattle,2017.0
825,19145387.0,Sep,SouthCentral,2017.0
826,11652121.0,Sep,Southeast,2017.0
827,107595048.0,Sep,TotalUS,2017.0
828,17218485.0,Sep,West,2017.0
829,2525510.0,Sep,WestTexNewMexico,2017.0
830,2045937.0,Aug,Atlanta,2017.0
831,2901299.0,Aug,BaltimoreWashington,2017.0
832,2246353.0,Aug,Boston,2017.0
833,20922086.0,Aug,California,2017.0
834,2703545.0,Aug,Chicago,2017.0
835,4854189.0,Aug,DallasFtWorth,2017.0
836,3128535.0,Aug,Denver,2017.0
837,13218662.0,Aug,GreatLakes,2017.0
838,4845434.0,Aug,Houston,2017.0
839,10280737.0,Aug,LosAngeles,2017.0
840,2004911.0,Aug,MiamiFtLauderdale,2017.0
841,11849587.0,Aug,Midsouth,2017.0
842,5029360.0,Aug,NewYork,2017.0
843,16131163.0,Aug,Northeast,2017.0
844,1683776.0,Aug,NorthernNewEngland,2017.0
845,1600438.0,Aug,Philadelphia,2017.0
846,3452780.0,Aug,PhoenixTucson,2017.0
847,7134998.0,Aug,Plains,2017.0
848,2321310.0,Aug,Portland,2017.0
849,1631094.0,Aug,Sacramento,2017.0
850,1761875.0,Aug,SanDiego,2017.0
851,2783149.0,Aug,SanFrancisco,2017.0
852,2099813.0,Aug,Seattle,2017.0
853,23152479.0,Aug,SouthCentral,2017.0
854,13363492.0,Aug,Southeast,2017.0
855,128238408.0,Aug,TotalUS,2017.0
856,22465937.0,Aug,West,2017.0
857,3207082.0,Aug,WestTexNewMexico,2017.0
858,2701116.0,Jul,Atlanta,2017.0
859,3565763.0,Jul,BaltimoreWashington,2017.0
860,3072344.0,Jul,Boston,2017.0
861,29974347.0,Jul,California,2017.0
862,4302367.0,Jul,Chicago,2017.0
863,6604026.0,Jul,DallasFtWorth,2017.0
864,4252698.0,Jul,Denver,2017.0
865,1991733.0,Jul,Detroit,2017.0
866,18788662.0,Jul,GreatLakes,2017.0
867,6411205.0,Jul,Houston,2017.0
868,1712089.0,Jul,LasVegas,2017.0
869,14801900.0,Jul,LosAngeles,2017.0
870,2774927.0,Jul,MiamiFtLauderdale,2017.0
871,15613954.0,Jul,Midsouth,2017.0
872,7050664.0,Jul,NewYork,2017.0
873,21921176.0,Jul,Northeast,2017.0
874,2377227.0,Jul,NorthernNewEngland,2017.0
875,1800067.0,Jul,Orlando,2017.0
876,2050041.0,Jul,Philadelphia,2017.0
877,5602756.0,Jul,PhoenixTucson,2017.0
878,10047695.0,Jul,Plains,2017.0
879,3775003.0,Jul,Portland,2017.0
880,1520173.0,Jul,RaleighGreensboro,2017.0
881,2449387.0,Jul,Sacramento,2017.0
882,2588268.0,Jul,SanDiego,2017.0
883,3782475.0,Jul,SanFrancisco,2017.0
884,3197569.0,Jul,Seattle,2017.0
885,1990911.0,Jul,SouthCarolina,2017.0
886,31500371.0,Jul,SouthCentral,2017.0
887,18260136.0,Jul,Southeast,2017.0
888,1728824.0,Jul,Tampa,2017.0
889,179955079.0,Jul,TotalUS,2017.0
890,33848734.0,Jul,West,2017.0
891,4775491.0,Jul,WestTexNewMexico,2017.0
892,2385469.0,Jun,Atlanta,2017.0
893,3004755.0,Jun,BaltimoreWashington,2017.0
894,2390173.0,Jun,Boston,2017.0
895,27017832.0,Jun,California,2017.0
896,3476811.0,Jun,Chicago,2017.0
897,5579380.0,Jun,DallasFtWorth,2017.0
898,3588339.0,Jun,Denver,2017.0
899,1829919.0,Jun,Detroit,2017.0
900,16667147.0,Jun,GreatLakes,2017.0
901,5908745.0,Jun,Houston,2017.0
902,1517640.0,Jun,LasVegas,2017.0
903,14769367.0,Jun,LosAngeles,2017.0
904,2453480.0,Jun,MiamiFtLauderdale,2017.0
905,13074397.0,Jun,Midsouth,2017.0
906,5902748.0,Jun,NewYork,2017.0
907,17157694.0,Jun,Northeast,2017.0
908,1669848.0,Jun,NorthernNewEngland,2017.0
909,1544671.0,Jun,Orlando,2017.0
910,1660657.0,Jun,Philadelphia,2017.0
911,5210936.0,Jun,PhoenixTucson,2017.0
912,8575044.0,Jun,Plains,2017.0
913,3141610.0,Jun,Portland,2017.0
914,1836314.0,Jun,Sacramento,2017.0
915,2326631.0,Jun,SanDiego,2017.0
916,2883787.0,Jun,SanFrancisco,2017.0
917,2922365.0,Jun,Seattle,2017.0
918,1645968.0,Jun,SouthCarolina,2017.0
919,27657223.0,Jun,SouthCentral,2017.0
920,15841230.0,Jun,Southeast,2017.0
921,1546783.0,Jun,Tampa,2017.0
922,155101164.0,Jun,TotalUS,2017.0
923,29110592.0,Jun,West,2017.0
924,4311083.0,Jun,WestTexNewMexico,2017.0
925,2421540.0,May,Atlanta,2017.0
926,3454131.0,May,BaltimoreWashington,2017.0
927,2547455.0,May,Boston,2017.0
928,26762101.0,May,California,2017.0
929,3490702.0,May,Chicago,2017.0
930,5570356.0,May,DallasFtWorth,2017.0
931,3644575.0,May,Denver,2017.0
932,1797852.0,May,Detroit,2017.0
933,16791257.0,May,GreatLakes,2017.0
934,5963187.0,May,Houston,2017.0
935,1624775.0,May,LasVegas,2017.0
936,14411998.0,May,LosAngeles,2017.0
937,2778114.0,May,MiamiFtLauderdale,2017.0
938,14523172.0,May,Midsouth,2017.0
939,6190114.0,May,NewYork,2017.0
940,18853981.0,May,Northeast,2017.0
941,1853135.0,May,NorthernNewEngland,2017.0
942,1621472.0,May,Orlando,2017.0
943,1764239.0,May,Philadelphia,2017.0
944,5226983.0,May,PhoenixTucson,2017.0
945,8623615.0,May,Plains,2017.0
946,3482277.0,May,Portland,2017.0
947,1879687.0,May,Sacramento,2017.0
948,2251275.0,May,SanDiego,2017.0
949,3013237.0,May,SanFrancisco,2017.0
950,3300132.0,May,Seattle,2017.0
951,1688634.0,May,SouthCarolina,2017.0
952,27725512.0,May,SouthCentral,2017.0
953,16789490.0,May,Southeast,2017.0
954,1743211.0,May,Tampa,2017.0
955,160638753.0,May,TotalUS,2017.0
956,30569621.0,May,West,2017.0
957,4380391.0,May,WestTexNewMexico,2017.0
958,2702186.0,Apr,Atlanta,2017.0
959,3884708.0,Apr,BaltimoreWashington,2017.0
960,3004461.0,Apr,Boston,2017.0
961,29907496.0,Apr,California,2017.0
962,3903375.0,Apr,Chicago,2017.0
963,7263043.0,Apr,DallasFtWorth,2017.0
964,3977168.0,Apr,Denver,2017.0
965,1624877.0,Apr,Detroit,2017.0
966,17430477.0,Apr,GreatLakes,2017.0
967,8024456.0,Apr,Houston,2017.0
968,1910475.0,Apr,LasVegas,2017.0
969,15874760.0,Apr,LosAngeles,2017.0
970,2929389.0,Apr,MiamiFtLauderdale,2017.0
971,16282239.0,Apr,Midsouth,2017.0
972,6763712.0,Apr,NewYork,2017.0
973,21632372.0,Apr,Northeast,2017.0
974,2236559.0,Apr,NorthernNewEngland,2017.0
975,1768677.0,Apr,Orlando,2017.0
976,2029750.0,Apr,Philadelphia,2017.0
977,6186183.0,Apr,PhoenixTucson,2017.0
978,10107635.0,Apr,Plains,2017.0
979,4075698.0,Apr,Portland,2017.0
980,1531664.0,Apr,RaleighGreensboro,2017.0
981,1982256.0,Apr,Sacramento,2017.0
982,2457138.0,Apr,SanDiego,2017.0
983,3600133.0,Apr,SanFrancisco,2017.0
984,3995068.0,Apr,Seattle,2017.0
985,1928356.0,Apr,SouthCarolina,2017.0
986,35737818.0,Apr,SouthCentral,2017.0
987,18507144.0,Apr,Southeast,2017.0
988,1899591.0,Apr,Tampa,2017.0
989,185292136.0,Apr,TotalUS,2017.0
990,35686951.0,Apr,West,2017.0
991,5030861.0,Apr,WestTexNewMexico,2017.0
992,1963965.0,Mar,Atlanta,2017.0
993,3197251.0,Mar,BaltimoreWashington,2017.0
994,2279921.0,Mar,Boston,2017.0
995,22079037.0,Mar,California,2017.0
996,2857329.0,Mar,Chicago,2017.0
997,4819994.0,Mar,DallasFtWorth,2017.0
998,2855959.0,Mar,Denver,2017.0
999,12965739.0,Mar,GreatLakes,2017.0
1000,4309528.0,Mar,Houston,2017.0
1001,11274963.0,Mar,LosAngeles,2017.0
1002,1971912.0,Mar,MiamiFtLauderdale,2017.0
1003,13067399.0,Mar,Midsouth,2017.0
1004,5390057.0,Mar,NewYork,2017.0
1005,16873265.0,Mar,Northeast,2017.0
1006,1640405.0,Mar,NorthernNewEngland,2017.0
1007,1619642.0,Mar,Philadelphia,2017.0
1008,5364524.0,Mar,PhoenixTucson,2017.0
1009,6897957.0,Mar,Plains,2017.0
1010,3162702.0,Mar,Portland,2017.0
1011,1558132.0,Mar,Sacramento,2017.0
1012,1928236.0,Mar,SanDiego,2017.0
1013,2627945.0,Mar,SanFrancisco,2017.0
1014,3155012.0,Mar,Seattle,2017.0
1015,22940352.0,Mar,SouthCentral,2017.0
1016,12815106.0,Mar,Southeast,2017.0
1017,135677134.0,Mar,TotalUS,2017.0
1018,28038276.0,Mar,West,2017.0
1019,3589778.0,Mar,WestTexNewMexico,2017.0
1020,2806439.0,Feb,Atlanta,2017.0
1021,3706621.0,Feb,BaltimoreWashington,2017.0
1022,2754265.0,Feb,Boston,2017.0
1023,31333222.0,Feb,California,2017.0
1024,4060390.0,Feb,Chicago,2017.0
1025,5827729.0,Feb,DallasFtWorth,2017.0
1026,3802688.0,Feb,Denver,2017.0
1027,2233718.0,Feb,Detroit,2017.0
1028,18528294.0,Feb,GreatLakes,2017.0
1029,6287073.0,Feb,Houston,2017.0
1030,1814580.0,Feb,LasVegas,2017.0
1031,15511024.0,Feb,LosAngeles,2017.0
1032,3099248.0,Feb,MiamiFtLauderdale,2017.0
1033,14865721.0,Feb,Midsouth,2017.0
1034,7423414.0,Feb,NewYork,2017.0
1035,20688466.0,Feb,Northeast,2017.0
1036,2060734.0,Feb,NorthernNewEngland,2017.0
1037,1731856.0,Feb,Orlando,2017.0
1038,2107673.0,Feb,Philadelphia,2017.0
1039,6185633.0,Feb,PhoenixTucson,2017.0
1040,10009348.0,Feb,Plains,2017.0
1041,3778714.0,Feb,Portland,2017.0
1042,2188759.0,Feb,Sacramento,2017.0
1043,2670298.0,Feb,SanDiego,2017.0
1044,4162495.0,Feb,SanFrancisco,2017.0
1045,3582730.0,Feb,Seattle,2017.0
1046,1882038.0,Feb,SouthCarolina,2017.0
1047,29771515.0,Feb,SouthCentral,2017.0
1048,19366252.0,Feb,Southeast,2017.0
1049,2064008.0,Feb,Tampa,2017.0
1050,178173517.0,Feb,TotalUS,2017.0
1051,33610697.0,Feb,West,2017.0
1052,4608575.0,Feb,WestTexNewMexico,2017.0
1053,3124351.0,Jan,Atlanta,2017.0
1054,4107462.0,Jan,BaltimoreWashington,2017.0
1055,3113700.0,Jan,Boston,2017.0
1056,37480003.0,Jan,California,2017.0
1057,4274111.0,Jan,Chicago,2017.0
1058,1719735.0,Jan,CincinnatiDayton,2017.0
1059,6774932.0,Jan,DallasFtWorth,2017.0
1060,4566796.0,Jan,Denver,2017.0
1061,2397348.0,Jan,Detroit,2017.0
1062,21273803.0,Jan,GreatLakes,2017.0
1063,1563958.0,Jan,HartfordSpringfield,2017.0
1064,7013688.0,Jan,Houston,2017.0
1065,1938367.0,Jan,LasVegas,2017.0
1066,18958473.0,Jan,LosAngeles,2017.0
1067,3330937.0,Jan,MiamiFtLauderdale,2017.0
1068,16356781.0,Jan,Midsouth,2017.0
1069,7069711.0,Jan,NewYork,2017.0
1070,22268759.0,Jan,Northeast,2017.0
1071,2307366.0,Jan,NorthernNewEngland,2017.0
1072,1983373.0,Jan,Orlando,2017.0
1073,2156233.0,Jan,Philadelphia,2017.0
1074,6817761.0,Jan,PhoenixTucson,2017.0
1075,10481281.0,Jan,Plains,2017.0
1076,4322157.0,Jan,Portland,2017.0
1077,1541879.0,Jan,RaleighGreensboro,2017.0
1078,2578387.0,Jan,Sacramento,2017.0
1079,3268660.0,Jan,SanDiego,2017.0
1080,4941736.0,Jan,SanFrancisco,2017.0
1081,4446587.0,Jan,Seattle,2017.0
1082,2015727.0,Jan,SouthCarolina,2017.0
1083,33344726.0,Jan,SouthCentral,2017.0
1084,21435315.0,Jan,Southeast,2017.0
1085,2380851.0,Jan,Tampa,2017.0
1086,201461887.0,Jan,TotalUS,2017.0
1087,38821214.0,Jan,West,2017.0
1088,5004235.0,Jan,WestTexNewMexico,2017.0
1089,2723324.0,Mar,Atlanta,2018.0
1090,4157091.0,Mar,BaltimoreWashington,2018.0
1091,2785537.0,Mar,Boston,2018.0
1092,27142235.0,Mar,California,2018.0
1093,3559149.0,Mar,Chicago,2018.0
1094,6148278.0,Mar,DallasFtWorth,2018.0
1095,3786073.0,Mar,Denver,2018.0
1096,1910492.0,Mar,Detroit,2018.0
1097,16848883.0,Mar,GreatLakes,2018.0
1098,6327383.0,Mar,Houston,2018.0
1099,12437789.0,Mar,LosAngeles,2018.0
1100,3336380.0,Mar,MiamiFtLauderdale,2018.0
1101,16614107.0,Mar,Midsouth,2018.0
1102,7576004.0,Mar,NewYork,2018.0
1103,21684131.0,Mar,Northeast,2018.0
1104,2212431.0,Mar,NorthernNewEngland,2018.0
1105,2043501.0,Mar,Orlando,2018.0
1106,2045964.0,Mar,Philadelphia,2018.0
1107,6340266.0,Mar,PhoenixTucson,2018.0
1108,9180357.0,Mar,Plains,2018.0
1109,2806380.0,Mar,Portland,2018.0
1110,1686942.0,Mar,RaleighGreensboro,2018.0
1111,2233973.0,Mar,Sacramento,2018.0
1112,2190489.0,Mar,SanDiego,2018.0
1113,4060547.0,Mar,SanFrancisco,2018.0
1114,2548317.0,Mar,Seattle,2018.0
1115,1999320.0,Mar,SouthCarolina,2018.0
1116,30252172.0,Mar,SouthCentral,2018.0
1117,20505743.0,Mar,Southeast,2018.0
1118,2260110.0,Mar,Tampa,2018.0
1119,172521404.0,Mar,TotalUS,2018.0
1120,30293771.0,Mar,West,2018.0
1121,3724698.0,Mar,WestTexNewMexico,2018.0
1122,2859667.0,Feb,Atlanta,2018.0
1123,3945429.0,Feb,BaltimoreWashington,2018.0
1124,2715726.0,Feb,Boston,2018.0
1125,31445376.0,Feb,California,2018.0
1126,4386337.0,Feb,Chicago,2018.0
1127,6582724.0,Feb,DallasFtWorth,2018.0
1128,4312530.0,Feb,Denver,2018.0
1129,2207123.0,Feb,Detroit,2018.0
1130,19165280.0,Feb,GreatLakes,2018.0
1131,7590367.0,Feb,Houston,2018.0
1132,1664652.0,Feb,LasVegas,2018.0
1133,14547221.0,Feb,LosAngeles,2018.0
1134,3522281.0,Feb,MiamiFtLauderdale,2018.0
1135,16237591.0,Feb,Midsouth,2018.0
1136,1524019.0,Feb,NewOrleansMobile,2018.0
1137,8820238.0,Feb,NewYork,2018.0
1138,23445227.0,Feb,Northeast,2018.0
1139,2361201.0,Feb,NorthernNewEngland,2018.0
1140,2126266.0,Feb,Orlando,2018.0
1141,2518451.0,Feb,Philadelphia,2018.0
1142,6329168.0,Feb,PhoenixTucson,2018.0
1143,9719472.0,Feb,Plains,2018.0
1144,3086170.0,Feb,Portland,2018.0
1145,1593536.0,Feb,RaleighGreensboro,2018.0
1146,2571254.0,Feb,Sacramento,2018.0
1147,2477371.0,Feb,SanDiego,2018.0
1148,4758218.0,Feb,SanFrancisco,2018.0
1149,2854343.0,Feb,Seattle,2018.0
1150,1997291.0,Feb,SouthCarolina,2018.0
1151,33600227.0,Feb,SouthCentral,2018.0
1152,21462638.0,Feb,Southeast,2018.0
1153,2383778.0,Feb,Tampa,2018.0
1154,188381335.0,Feb,TotalUS,2018.0
1155,33305519.0,Feb,West,2018.0
1156,4205551.0,Feb,WestTexNewMexico,2018.0
1157,2648430.0,Jan,Atlanta,2018.0
1158,4056382.0,Jan,BaltimoreWashington,2018.0
1159,3135741.0,Jan,Boston,2018.0
1160,25153696.0,Jan,California,2018.0
1161,3668744.0,Jan,Chicago,2018.0
1162,5440742.0,Jan,DallasFtWorth,2018.0
1163,3746748.0,Jan,Denver,2018.0
1164,1905341.0,Jan,Detroit,2018.0
1165,17146513.0,Jan,GreatLakes,2018.0
1166,1540894.0,Jan,HartfordSpringfield,2018.0
1167,6064766.0,Jan,Houston,2018.0
1168,11067366.0,Jan,LosAngeles,2018.0
1169,2882758.0,Jan,MiamiFtLauderdale,2018.0
1170,15461693.0,Jan,Midsouth,2018.0
1171,7333012.0,Jan,NewYork,2018.0
1172,21194177.0,Jan,Northeast,2018.0
1173,2062536.0,Jan,NorthernNewEngland,2018.0
1174,1745171.0,Jan,Orlando,2018.0
1175,2002821.0,Jan,Philadelphia,2018.0
1176,5343371.0,Jan,PhoenixTucson,2018.0
1177,9128242.0,Jan,Plains,2018.0
1178,2505239.0,Jan,Portland,2018.0
1179,1508415.0,Jan,RaleighGreensboro,2018.0
1180,2062520.0,Jan,Sacramento,2018.0
1181,2005989.0,Jan,SanDiego,2018.0
1182,4164492.0,Jan,SanFrancisco,2018.0
1183,2538433.0,Jan,Seattle,2018.0
1184,1839469.0,Jan,SouthCarolina,2018.0
1185,27451309.0,Jan,SouthCentral,2018.0
1186,18316088.0,Jan,Southeast,2018.0
1187,1998165.0,Jan,Tampa,2018.0
1188,162729514.0,Jan,TotalUS,2018.0
1189,28877793.0,Jan,West,2018.0
1190,3870570.0,Jan,WestTexNewMexico,2018.0
